policy_id,issue_age,gender,smoker,issue_year,term_length,product,face_amount,annual_premium,status,exit_year,exit_duration
1,23,F,0,2014,20,Term20,50000.0,325.0,lapsed,2015.0,2.0
2,51,F,1,2012,20,Term20,50000.0,438.75,lapsed,2012.0,1.0
3,46,F,0,2018,10,Term10,164646.55,740.91,inforce,,
4,37,F,0,2019,20,Term20,312846.75,2033.5,lapsed,2021.0,3.0
5,37,F,1,2020,10,Term10,54970.42,333.95,inforce,,
6,55,F,0,2022,20,Term20,50000.0,325.0,inforce,,
7,23,M,0,2017,20,Term20,50000.0,357.5,lapsed,2025.0,9.0
8,48,F,0,2021,10,Term10,63166.84,284.25,lapsed,2029.0,9.0
9,28,M,0,2019,10,Term10,60486.82,299.41,inforce,,
10,23,M,0,2015,20,Term20,50000.0,357.5,inforce,,
11,41,M,0,2021,10,Term10,83518.64,413.42,inforce,,
12,60,F,0,2012,30,Term30,92698.16,787.93,inforce,,
13,50,M,0,2018,20,Term20,88774.08,634.73,lapsed,2020.0,3.0
14,51,M,0,2022,20,Term20,60495.55,432.54,inforce,,
15,49,M,1,2019,10,Term10,50000.0,326.25,inforce,,
16,52,M,0,2022,20,Term20,109043.25,779.66,claimed,2039.0,18.0
17,41,M,0,2012,30,Term30,73681.59,688.92,claimed,2030.0,19.0
18,25,F,1,2017,10,Term10,124618.77,757.06,lapsed,2024.0,8.0
19,54,M,0,2020,10,Term10,117482.58,581.54,inforce,,
20,38,F,0,2019,10,Term10,50000.0,225.0,inforce,,
21,40,F,0,2021,10,Term10,50000.0,225.0,inforce,,
22,35,M,0,2017,20,Term20,50000.0,357.5,inforce,,
23,27,M,1,2019,10,Term10,50000.0,326.25,inforce,,
24,57,F,0,2016,20,Term20,115053.33,747.85,inforce,,
25,52,M,0,2021,10,Term10,90290.34,446.94,lapsed,2021.0,1.0
26,46,M,0,2013,10,Term10,141422.96,700.04,lapsed,2013.0,1.0
27,36,F,0,2014,10,Term10,92771.25,417.47,inforce,,
28,53,F,0,2013,30,Term30,82883.37,704.51,lapsed,2020.0,8.0
29,42,F,0,2019,20,Term20,150217.25,976.41,inforce,,
30,38,M,0,2014,10,Term10,96938.92,479.85,inforce,,
31,38,F,0,2015,20,Term20,76180.48,495.17,lapsed,2016.0,2.0
32,29,F,0,2021,10,Term10,177774.62,799.99,inforce,,
33,23,M,0,2015,10,Term10,78363.11,387.9,inforce,,
34,42,F,0,2013,10,Term10,60924.8,274.16,inforce,,
35,56,M,0,2012,30,Term30,50000.0,467.5,lapsed,2013.0,2.0
36,22,M,0,2014,20,Term20,111503.95,797.25,inforce,,
37,55,F,0,2022,20,Term20,153618.93,998.52,lapsed,2024.0,3.0
38,53,M,0,2018,10,Term10,70944.1,351.17,inforce,,
39,31,M,1,2022,10,Term10,160291.51,1045.9,lapsed,2028.0,7.0
40,45,F,0,2014,20,Term20,50000.0,325.0,lapsed,2015.0,2.0
41,26,F,1,2015,10,Term10,70737.28,429.73,inforce,,
42,51,F,0,2013,30,Term30,71392.14,606.83,lapsed,2013.0,1.0
43,48,F,0,2016,20,Term20,50000.0,325.0,lapsed,2023.0,8.0
44,34,F,0,2018,10,Term10,305686.89,1375.59,inforce,,
45,22,M,0,2020,20,Term20,70282.94,502.52,lapsed,2030.0,11.0
46,59,M,0,2016,30,Term30,57260.23,535.38,inforce,,
47,38,M,0,2020,10,Term10,74278.53,367.68,lapsed,2024.0,5.0
48,56,M,0,2018,20,Term20,50000.0,357.5,inforce,,
49,47,F,0,2015,30,Term30,50000.0,425.0,inforce,,
50,51,M,0,2022,10,Term10,131919.08,653.0,inforce,,
51,51,M,0,2016,30,Term30,50142.93,468.84,lapsed,2020.0,5.0
52,27,M,0,2013,10,Term10,50000.0,247.5,inforce,,
53,34,M,0,2022,20,Term20,160446.43,1147.19,inforce,,
54,39,F,0,2022,20,Term20,163432.06,1062.31,inforce,,
55,40,M,0,2012,20,Term20,99727.25,713.05,inforce,,
56,21,M,0,2021,10,Term10,55655.13,275.49,inforce,,
57,42,M,1,2022,20,Term20,63342.85,597.01,inforce,,
58,26,M,0,2021,10,Term10,50000.0,247.5,lapsed,2021.0,1.0
59,50,F,0,2014,10,Term10,50000.0,225.0,inforce,,
60,48,M,1,2018,10,Term10,50000.0,326.25,lapsed,2020.0,3.0
61,57,M,1,2017,20,Term20,50471.66,475.7,inforce,,
62,50,M,0,2018,10,Term10,50000.0,247.5,inforce,,
63,35,F,1,2018,10,Term10,50000.0,303.75,inforce,,
64,59,F,1,2019,30,Term30,83419.85,957.24,inforce,,
65,36,F,0,2017,10,Term10,84183.76,378.83,inforce,,
66,33,F,0,2019,10,Term10,202901.45,913.06,inforce,,
67,57,F,0,2017,10,Term10,50000.0,225.0,inforce,,
68,35,M,0,2012,10,Term10,87348.43,432.37,inforce,,
69,23,M,0,2012,20,Term20,88223.4,630.8,lapsed,2015.0,4.0
70,39,F,0,2022,10,Term10,62799.19,282.6,lapsed,2022.0,1.0
71,52,M,0,2022,10,Term10,114302.09,565.8,lapsed,2028.0,7.0
72,27,F,0,2018,30,Term30,116440.71,989.75,inforce,,
73,38,M,0,2013,20,Term20,89004.9,636.39,inforce,,
74,25,F,1,2020,20,Term20,62731.32,550.47,inforce,,
75,48,F,0,2013,30,Term30,59011.16,501.59,lapsed,2014.0,2.0
76,39,F,0,2016,30,Term30,50000.0,425.0,inforce,,
77,33,F,0,2015,10,Term10,50000.0,225.0,inforce,,
78,29,F,1,2012,20,Term20,50352.09,441.84,lapsed,2012.0,1.0
79,43,F,1,2020,20,Term20,50000.0,438.75,lapsed,2037.0,18.0
80,47,M,1,2017,10,Term10,95220.87,621.32,inforce,,
81,58,M,1,2015,10,Term10,149937.94,978.35,lapsed,2016.0,2.0
82,37,F,0,2017,10,Term10,50000.0,225.0,inforce,,
83,26,M,0,2012,20,Term20,86687.49,619.82,lapsed,2012.0,1.0
84,54,M,0,2016,20,Term20,50000.0,357.5,lapsed,2025.0,10.0
85,45,F,0,2017,20,Term20,60903.55,395.87,lapsed,2021.0,5.0
86,48,F,1,2015,10,Term10,50000.0,303.75,inforce,,
87,23,M,0,2021,10,Term10,104939.3,519.45,inforce,,
88,32,M,0,2014,10,Term10,50000.0,247.5,inforce,,
89,51,M,0,2013,20,Term20,134187.89,959.44,inforce,,
90,54,M,0,2017,30,Term30,63105.77,590.04,lapsed,2027.0,11.0
91,37,F,0,2021,30,Term30,50000.0,425.0,lapsed,2028.0,8.0
92,52,M,0,2016,30,Term30,50000.0,467.5,lapsed,2027.0,12.0
93,54,M,1,2012,30,Term30,85128.97,1049.21,inforce,,
94,35,F,0,2022,30,Term30,125132.82,1063.63,inforce,,
95,56,M,1,2016,10,Term10,86162.71,562.21,inforce,,
96,31,M,0,2013,10,Term10,280211.23,1387.05,lapsed,2013.0,1.0
97,29,F,0,2018,10,Term10,172451.7,776.03,inforce,,
98,47,F,0,2015,10,Term10,60808.41,273.64,inforce,,
99,46,F,1,2022,10,Term10,60426.53,367.09,inforce,,
100,25,F,0,2015,10,Term10,96937.14,436.22,lapsed,2015.0,1.0
101,54,M,1,2018,30,Term30,50000.0,616.25,inforce,,
102,28,F,0,2017,10,Term10,147233.2,662.55,inforce,,
103,53,F,0,2014,30,Term30,90849.57,772.22,claimed,2041.0,28.0
104,20,F,1,2017,20,Term20,85295.36,748.47,inforce,,
105,52,F,0,2013,20,Term20,110433.87,717.82,inforce,,
106,52,F,0,2019,20,Term20,205602.08,1336.41,lapsed,2031.0,13.0
107,51,F,1,2020,10,Term10,81029.88,492.26,inforce,,
108,47,M,0,2022,20,Term20,68334.89,488.59,lapsed,2034.0,13.0
109,39,F,0,2015,10,Term10,180815.38,813.67,lapsed,2018.0,4.0
110,48,M,0,2015,30,Term30,130683.06,1221.89,lapsed,2034.0,20.0
111,31,F,0,2018,10,Term10,60319.58,271.44,inforce,,
112,52,F,0,2019,10,Term10,73358.37,330.11,inforce,,
113,42,F,0,2022,20,Term20,82226.14,534.47,inforce,,
114,38,F,0,2012,20,Term20,90861.15,590.6,inforce,,
115,40,M,1,2014,10,Term10,50000.0,326.25,inforce,,
116,43,F,0,2014,20,Term20,50000.0,325.0,inforce,,
117,21,F,0,2014,10,Term10,50000.0,225.0,inforce,,
118,25,M,0,2017,20,Term20,50000.0,357.5,inforce,,
119,30,M,1,2021,10,Term10,50000.0,326.25,inforce,,
120,24,M,0,2012,10,Term10,107025.93,529.78,inforce,,
121,38,F,0,2020,10,Term10,66081.39,297.37,inforce,,
122,47,M,0,2018,10,Term10,82276.17,407.27,inforce,,
123,46,F,1,2018,10,Term10,50000.0,303.75,inforce,,
124,39,M,0,2019,10,Term10,55437.67,274.42,inforce,,
125,55,F,0,2013,10,Term10,104021.68,468.1,inforce,,
126,43,M,0,2020,10,Term10,104503.04,517.29,inforce,,
127,23,F,0,2014,20,Term20,50000.0,325.0,inforce,,
128,51,M,0,2017,10,Term10,80579.33,398.87,lapsed,2018.0,2.0
129,43,F,0,2019,20,Term20,273568.88,1778.2,lapsed,2019.0,1.0
130,46,F,0,2018,30,Term30,72362.34,615.08,lapsed,2047.0,30.0
131,43,F,0,2015,10,Term10,50000.0,225.0,inforce,,
132,42,F,1,2016,30,Term30,65890.04,756.09,lapsed,2016.0,1.0
133,23,M,0,2017,10,Term10,77288.95,382.58,inforce,,
134,42,M,0,2012,10,Term10,66789.35,330.61,lapsed,2019.0,8.0
135,52,M,1,2019,20,Term20,71767.51,676.41,lapsed,2022.0,4.0
136,32,M,0,2013,20,Term20,50000.0,357.5,inforce,,
137,44,F,0,2017,20,Term20,50000.0,325.0,inforce,,
138,21,F,1,2019,10,Term10,66862.85,406.19,inforce,,
139,34,F,0,2012,20,Term20,66226.72,430.47,lapsed,2012.0,1.0
140,37,F,0,2022,10,Term10,52066.99,234.3,lapsed,2022.0,1.0
141,60,F,0,2016,10,Term10,65761.63,295.93,inforce,,
142,28,F,0,2012,10,Term10,75857.28,341.36,inforce,,
143,31,M,0,2019,30,Term30,124697.75,1165.92,lapsed,2023.0,5.0
144,36,M,0,2018,10,Term10,68904.24,341.08,lapsed,2020.0,3.0
145,60,F,0,2019,20,Term20,92917.0,603.96,lapsed,2038.0,20.0
146,54,F,0,2020,20,Term20,52840.85,343.47,inforce,,
147,21,M,0,2017,20,Term20,103079.67,737.02,lapsed,2018.0,2.0
148,29,F,0,2021,20,Term20,91623.05,595.55,inforce,,
149,53,F,1,2016,30,Term30,122944.73,1410.79,claimed,2043.0,28.0
150,22,M,1,2017,10,Term10,112204.26,732.13,inforce,,
151,55,M,0,2013,10,Term10,104113.96,515.36,inforce,,
152,31,F,0,2018,20,Term20,68937.08,448.09,inforce,,
153,57,F,0,2014,10,Term10,84707.85,381.19,inforce,,
154,32,M,0,2019,10,Term10,138427.96,685.22,lapsed,2027.0,9.0
155,37,F,1,2020,10,Term10,50000.0,303.75,inforce,,
156,47,M,0,2021,10,Term10,50159.11,248.29,inforce,,
157,25,F,0,2022,10,Term10,81540.8,366.93,inforce,,
158,42,M,1,2013,10,Term10,93823.24,612.2,lapsed,2016.0,4.0
159,40,F,0,2013,30,Term30,50000.0,425.0,inforce,,
160,52,M,0,2022,10,Term10,69922.48,346.12,lapsed,2025.0,4.0
161,60,M,0,2016,30,Term30,69120.09,646.27,lapsed,2016.0,1.0
162,47,F,0,2012,30,Term30,50000.0,425.0,inforce,,
163,36,M,0,2015,10,Term10,64102.82,317.31,inforce,,
164,36,M,0,2021,20,Term20,66543.38,475.79,lapsed,2025.0,5.0
165,37,M,1,2015,20,Term20,66424.7,626.05,inforce,,
166,53,F,1,2012,20,Term20,171022.19,1500.72,claimed,2025.0,14.0
167,33,F,1,2019,10,Term10,50000.0,303.75,lapsed,2023.0,5.0
168,26,F,0,2014,10,Term10,50000.0,225.0,inforce,,
169,33,M,0,2015,10,Term10,50000.0,247.5,inforce,,
170,20,M,1,2012,20,Term20,54800.25,516.49,inforce,,
171,24,M,0,2018,30,Term30,57677.01,539.28,inforce,,
172,23,F,0,2016,20,Term20,53853.02,350.04,inforce,,
173,51,F,0,2021,20,Term20,142145.49,923.95,lapsed,2029.0,9.0
174,49,F,0,2015,30,Term30,122561.78,1041.78,claimed,2034.0,20.0
175,48,F,0,2014,20,Term20,76627.71,498.08,lapsed,2020.0,7.0
176,38,M,1,2013,10,Term10,58549.75,382.04,inforce,,
177,49,F,0,2014,30,Term30,135362.79,1150.58,inforce,,
178,26,M,0,2016,10,Term10,72268.62,357.73,lapsed,2016.0,1.0
179,56,M,1,2012,10,Term10,50000.0,326.25,inforce,,
180,40,M,0,2016,20,Term20,50000.0,357.5,lapsed,2016.0,1.0
181,58,M,0,2021,30,Term30,56117.97,524.7,claimed,2044.0,24.0
182,26,M,1,2020,10,Term10,115011.36,750.45,lapsed,2021.0,2.0
183,40,M,0,2019,10,Term10,286623.05,1418.78,inforce,,
184,48,M,0,2021,10,Term10,75884.38,375.63,inforce,,
185,40,F,0,2020,10,Term10,50000.0,225.0,inforce,,
186,38,M,0,2019,10,Term10,50000.0,247.5,inforce,,
187,26,M,0,2021,20,Term20,101841.5,728.17,lapsed,2027.0,7.0
188,35,F,0,2013,30,Term30,50000.0,425.0,inforce,,
189,29,F,0,2021,10,Term10,101743.18,457.84,inforce,,
190,32,F,0,2015,10,Term10,119446.87,537.51,lapsed,2017.0,3.0
191,48,M,0,2020,10,Term10,95012.87,470.31,lapsed,2020.0,1.0
192,45,F,1,2022,10,Term10,64100.21,389.41,lapsed,2029.0,8.0
193,44,M,0,2017,20,Term20,102638.09,733.86,inforce,,
194,34,M,0,2012,20,Term20,81029.05,579.36,inforce,,
195,59,F,0,2016,20,Term20,50000.0,325.0,lapsed,2018.0,3.0
196,23,F,0,2016,10,Term10,221958.87,998.81,inforce,,
197,34,F,0,2022,20,Term20,59218.68,384.92,inforce,,
198,24,F,0,2022,10,Term10,116477.26,524.15,inforce,,
199,33,F,1,2018,10,Term10,50000.0,303.75,inforce,,
200,59,M,0,2022,30,Term30,157295.66,1470.71,lapsed,2022.0,1.0
201,35,M,1,2016,20,Term20,176532.14,1663.82,inforce,,
202,57,M,1,2016,30,Term30,74451.28,917.61,lapsed,2020.0,5.0
203,40,M,0,2021,30,Term30,102258.85,956.12,lapsed,2022.0,2.0
204,48,F,0,2019,20,Term20,102243.15,664.58,inforce,,
205,38,M,0,2017,30,Term30,50000.0,467.5,lapsed,2032.0,16.0
206,30,F,1,2017,10,Term10,101546.63,616.9,inforce,,
207,51,F,0,2019,10,Term10,50000.0,225.0,inforce,,
208,59,F,0,2020,10,Term10,50754.01,228.39,inforce,,
209,30,M,1,2017,10,Term10,143798.15,938.28,lapsed,2020.0,4.0
210,51,M,0,2012,10,Term10,131241.53,649.65,lapsed,2012.0,1.0
211,30,F,0,2013,10,Term10,50000.0,225.0,inforce,,
212,49,F,0,2013,20,Term20,50000.0,325.0,inforce,,
213,52,F,1,2017,20,Term20,50000.0,438.75,inforce,,
214,38,F,1,2018,20,Term20,113502.91,995.99,lapsed,2020.0,3.0
215,50,F,0,2020,10,Term10,50000.0,225.0,inforce,,
216,31,M,0,2014,20,Term20,90583.52,647.67,lapsed,2020.0,7.0
217,23,F,0,2020,10,Term10,114474.58,515.14,lapsed,2022.0,3.0
218,23,M,0,2019,10,Term10,69359.11,343.33,lapsed,2019.0,1.0
219,38,F,0,2012,10,Term10,134059.39,603.27,lapsed,2020.0,9.0
220,57,F,1,2015,10,Term10,60925.92,370.12,inforce,,
221,25,F,0,2015,10,Term10,64323.91,289.46,inforce,,
222,38,M,0,2021,20,Term20,50000.0,357.5,inforce,,
223,48,M,0,2022,20,Term20,134632.81,962.62,lapsed,2033.0,12.0
224,28,F,0,2021,20,Term20,50000.0,325.0,inforce,,
225,49,M,0,2017,10,Term10,90207.07,446.52,inforce,,
226,32,M,0,2017,20,Term20,70067.22,500.98,lapsed,2018.0,2.0
227,53,M,0,2015,20,Term20,50000.0,357.5,lapsed,2027.0,13.0
228,43,M,1,2020,10,Term10,50743.46,331.1,lapsed,2021.0,2.0
229,42,M,0,2012,20,Term20,167665.02,1198.8,inforce,,
230,27,F,0,2014,10,Term10,82536.39,371.41,inforce,,
231,38,M,1,2013,10,Term10,50000.0,326.25,inforce,,
232,55,M,0,2017,10,Term10,87833.39,434.78,inforce,,
233,20,M,0,2015,20,Term20,66992.21,478.99,lapsed,2025.0,11.0
234,51,M,0,2014,10,Term10,580954.57,2875.73,inforce,,
235,40,M,1,2016,10,Term10,86775.04,566.21,inforce,,
236,49,F,0,2021,10,Term10,58199.1,261.9,inforce,,
237,47,M,1,2018,30,Term30,171444.82,2113.06,inforce,,
238,37,M,0,2021,10,Term10,50000.0,247.5,lapsed,2022.0,2.0
239,32,M,0,2022,10,Term10,77388.39,383.07,lapsed,2023.0,2.0
240,45,M,0,2021,10,Term10,241991.31,1197.86,lapsed,2021.0,1.0
241,25,M,0,2015,30,Term30,68205.5,637.72,lapsed,2021.0,7.0
242,43,M,0,2021,20,Term20,50000.0,357.5,lapsed,2038.0,18.0
243,23,F,0,2022,30,Term30,57667.51,490.17,lapsed,2022.0,1.0
244,46,M,1,2022,10,Term10,175029.68,1142.07,lapsed,2023.0,2.0
245,45,F,0,2015,10,Term10,91641.71,412.39,inforce,,
246,23,M,0,2014,20,Term20,50000.0,357.5,inforce,,
247,51,M,0,2018,10,Term10,50000.0,247.5,inforce,,
248,37,M,0,2022,20,Term20,52270.1,373.73,inforce,,
249,52,F,0,2021,30,Term30,90827.62,772.03,inforce,,
250,21,F,0,2018,10,Term10,163230.35,734.54,inforce,,
251,27,M,0,2013,30,Term30,137510.26,1285.72,lapsed,2039.0,27.0
252,40,M,0,2016,20,Term20,96144.48,687.43,inforce,,
253,27,M,1,2019,10,Term10,50000.0,326.25,lapsed,2020.0,2.0
254,33,M,1,2018,10,Term10,50000.0,326.25,lapsed,2019.0,2.0
255,47,F,0,2015,10,Term10,100705.05,453.17,inforce,,
256,25,M,0,2015,20,Term20,50000.0,357.5,inforce,,
257,47,M,0,2012,10,Term10,63873.5,316.17,inforce,,
258,24,F,1,2015,10,Term10,87771.34,533.21,lapsed,2015.0,1.0
259,27,M,1,2019,20,Term20,50000.0,471.25,lapsed,2032.0,14.0
260,44,M,1,2014,10,Term10,50000.0,326.25,inforce,,
261,52,F,0,2022,10,Term10,69115.02,311.02,lapsed,2022.0,1.0
262,26,M,0,2012,20,Term20,98932.21,707.37,lapsed,2012.0,1.0
263,32,M,0,2018,10,Term10,138262.77,684.4,inforce,,
264,57,M,0,2017,10,Term10,105264.56,521.06,inforce,,
265,60,F,0,2021,10,Term10,76434.84,343.96,inforce,,
266,43,M,0,2021,10,Term10,50000.0,247.5,inforce,,
267,38,M,1,2017,10,Term10,50000.0,326.25,inforce,,
268,34,M,0,2018,20,Term20,53823.95,384.84,inforce,,
269,45,M,0,2019,30,Term30,93522.88,874.44,inforce,,
270,44,F,1,2017,10,Term10,89498.24,543.7,inforce,,
271,32,M,0,2014,30,Term30,50000.0,467.5,inforce,,
272,20,F,0,2016,20,Term20,50000.0,325.0,inforce,,
273,26,F,0,2014,20,Term20,150648.49,979.22,lapsed,2026.0,13.0
274,59,F,1,2017,20,Term20,76690.19,672.96,claimed,2025.0,9.0
275,37,M,0,2018,20,Term20,50000.0,357.5,inforce,,
276,39,F,0,2014,20,Term20,300587.06,1953.82,inforce,,
277,39,F,0,2014,10,Term10,71871.49,323.42,lapsed,2014.0,1.0
278,52,M,0,2021,20,Term20,92097.25,658.5,lapsed,2029.0,9.0
279,22,F,0,2016,10,Term10,92940.51,418.23,inforce,,
280,23,F,0,2014,10,Term10,58655.86,263.95,lapsed,2014.0,1.0
281,31,M,0,2019,20,Term20,50000.0,357.5,lapsed,2024.0,6.0
282,39,F,0,2019,10,Term10,261190.42,1175.36,lapsed,2020.0,2.0
283,47,M,0,2021,10,Term10,133508.91,660.87,inforce,,
284,40,F,0,2020,10,Term10,119750.1,538.88,lapsed,2024.0,5.0
285,38,F,0,2022,10,Term10,103339.35,465.03,lapsed,2024.0,3.0
286,58,M,1,2018,20,Term20,50000.0,471.25,inforce,,
287,26,F,0,2015,20,Term20,157395.67,1023.07,lapsed,2017.0,3.0
288,43,M,0,2021,10,Term10,50000.0,247.5,inforce,,
289,42,F,1,2014,10,Term10,86679.45,526.58,inforce,,
290,39,F,0,2015,10,Term10,50000.0,225.0,inforce,,
291,53,M,0,2021,10,Term10,50000.0,247.5,inforce,,
292,30,M,0,2021,20,Term20,88519.2,632.91,lapsed,2027.0,7.0
293,59,M,0,2015,20,Term20,50000.0,357.5,inforce,,
294,33,M,0,2020,10,Term10,50000.0,247.5,inforce,,
295,42,M,1,2022,10,Term10,101150.59,660.01,inforce,,
296,41,M,0,2020,30,Term30,260940.7,2439.8,lapsed,2034.0,15.0
297,54,M,0,2012,20,Term20,168339.18,1203.63,lapsed,2016.0,5.0
298,37,M,0,2019,10,Term10,62668.19,310.21,inforce,,
299,31,F,0,2013,10,Term10,73519.59,330.84,inforce,,
300,20,F,0,2021,10,Term10,124570.08,560.57,inforce,,
301,34,F,0,2012,30,Term30,143383.31,1218.76,inforce,,
302,53,M,0,2022,10,Term10,59508.75,294.57,lapsed,2026.0,5.0
303,20,F,0,2013,10,Term10,74645.58,335.91,lapsed,2016.0,4.0
304,56,F,0,2016,30,Term30,87585.34,744.48,lapsed,2023.0,8.0
305,42,M,0,2014,20,Term20,101958.97,729.01,inforce,,
306,25,M,0,2020,10,Term10,67518.31,334.22,lapsed,2029.0,10.0
307,32,F,0,2016,10,Term10,68046.66,306.21,inforce,,
308,42,M,0,2020,10,Term10,167359.49,828.43,lapsed,2022.0,3.0
309,32,F,0,2012,20,Term20,151102.31,982.17,lapsed,2016.0,5.0
310,24,F,0,2016,10,Term10,97386.84,438.24,inforce,,
311,47,M,0,2022,30,Term30,205143.59,1918.09,lapsed,2025.0,4.0
312,47,M,0,2022,30,Term30,57996.19,542.26,lapsed,2034.0,13.0
313,24,F,0,2014,20,Term20,193645.43,1258.7,lapsed,2016.0,3.0
314,31,F,0,2016,20,Term20,101266.33,658.23,lapsed,2031.0,16.0
315,29,M,1,2016,10,Term10,520536.7,3396.5,inforce,,
316,47,F,0,2018,10,Term10,50000.0,225.0,inforce,,
317,49,F,0,2017,20,Term20,50000.0,325.0,lapsed,2026.0,10.0
318,49,F,0,2013,10,Term10,94021.49,423.1,inforce,,
319,58,F,0,2020,10,Term10,92812.85,417.66,inforce,,
320,51,M,0,2014,10,Term10,235645.4,1166.44,inforce,,
321,33,M,1,2015,10,Term10,50000.0,326.25,lapsed,2023.0,9.0
322,24,F,0,2021,10,Term10,125863.23,566.38,inforce,,
323,45,M,0,2019,20,Term20,146895.66,1050.3,inforce,,
324,57,F,0,2016,20,Term20,111612.54,725.48,inforce,,
325,59,F,0,2022,20,Term20,50000.0,325.0,claimed,2038.0,17.0
326,29,M,0,2016,20,Term20,170187.37,1216.84,inforce,,
327,29,F,0,2018,10,Term10,152908.5,688.09,inforce,,
328,21,M,0,2014,20,Term20,104793.89,749.28,lapsed,2016.0,3.0
329,25,F,1,2014,20,Term20,82669.72,725.43,inforce,,
330,42,M,0,2017,10,Term10,83756.14,414.59,lapsed,2018.0,2.0
331,42,F,0,2018,30,Term30,69755.99,592.93,claimed,2039.0,22.0
332,35,F,1,2020,10,Term10,107416.71,652.56,inforce,,
333,32,M,0,2016,10,Term10,74509.43,368.82,inforce,,
334,54,F,0,2021,10,Term10,50000.0,225.0,lapsed,2021.0,1.0
335,38,F,0,2018,10,Term10,50000.0,225.0,inforce,,
336,53,F,0,2012,10,Term10,50000.0,225.0,inforce,,
337,59,F,0,2020,20,Term20,83556.58,543.12,inforce,,
338,33,F,0,2018,30,Term30,71957.18,611.64,inforce,,
339,28,M,0,2016,10,Term10,83216.95,411.92,inforce,,
340,59,F,0,2017,20,Term20,98763.94,641.97,lapsed,2018.0,2.0
341,46,M,0,2015,10,Term10,50191.83,248.45,inforce,,
342,31,F,0,2018,20,Term20,176203.72,1145.32,inforce,,
343,45,F,0,2018,10,Term10,62278.62,280.25,inforce,,
344,41,M,1,2016,10,Term10,56384.17,367.91,inforce,,
345,57,M,0,2015,20,Term20,97678.01,698.4,inforce,,
346,30,F,0,2016,20,Term20,50000.0,325.0,inforce,,
347,60,M,0,2017,20,Term20,50000.0,357.5,inforce,,
348,58,F,0,2017,20,Term20,131747.66,856.36,lapsed,2020.0,4.0
349,27,M,0,2015,20,Term20,50000.0,357.5,lapsed,2015.0,1.0
350,26,F,0,2018,10,Term10,142992.08,643.46,inforce,,
351,41,M,0,2014,10,Term10,181077.78,896.34,inforce,,
352,21,M,1,2017,10,Term10,58590.44,382.3,inforce,,
353,32,F,0,2013,10,Term10,87124.0,392.06,lapsed,2014.0,2.0
354,37,F,0,2017,10,Term10,143121.94,644.05,lapsed,2018.0,2.0
355,59,M,1,2020,10,Term10,55266.74,360.62,lapsed,2020.0,1.0
356,60,M,1,2020,10,Term10,123089.29,803.16,inforce,,
357,26,F,0,2019,20,Term20,50000.0,325.0,inforce,,
358,56,F,0,2020,10,Term10,54909.33,247.09,inforce,,
359,23,M,0,2012,20,Term20,50000.0,357.5,inforce,,
360,50,F,0,2015,20,Term20,89822.28,583.84,inforce,,
361,54,F,0,2019,10,Term10,146500.11,659.25,inforce,,
362,56,F,1,2020,10,Term10,65482.11,397.8,lapsed,2026.0,7.0
363,29,F,1,2018,20,Term20,50000.0,438.75,lapsed,2035.0,18.0
364,56,F,0,2021,20,Term20,50000.0,325.0,claimed,2024.0,4.0
365,24,M,0,2015,10,Term10,92666.25,458.7,lapsed,2015.0,1.0
366,41,F,1,2013,10,Term10,221122.0,1343.32,inforce,,
367,39,F,1,2012,20,Term20,92617.65,812.72,inforce,,
368,32,F,0,2018,20,Term20,57980.5,376.87,claimed,2031.0,14.0
369,20,M,0,2019,10,Term10,115810.48,573.26,inforce,,
370,51,M,1,2015,10,Term10,63341.81,413.31,inforce,,
371,33,F,0,2020,30,Term30,58280.85,495.39,inforce,,
372,47,M,0,2020,10,Term10,50000.0,247.5,lapsed,2020.0,1.0
373,36,F,1,2015,30,Term30,170257.85,1953.71,lapsed,2019.0,5.0
374,35,M,1,2014,10,Term10,50000.0,326.25,inforce,,
375,56,F,1,2020,20,Term20,118032.53,1035.74,inforce,,
376,23,F,0,2019,10,Term10,55367.78,249.15,inforce,,
377,50,M,0,2013,10,Term10,57170.63,282.99,inforce,,
378,50,M,0,2014,30,Term30,201872.0,1887.5,inforce,,
379,35,F,0,2017,10,Term10,50000.0,225.0,inforce,,
380,30,F,0,2017,30,Term30,50000.0,425.0,lapsed,2027.0,11.0
381,20,M,0,2013,10,Term10,67627.06,334.75,inforce,,
382,58,F,0,2022,30,Term30,93742.64,796.81,lapsed,2033.0,12.0
383,58,F,0,2016,30,Term30,56099.74,476.85,inforce,,
384,29,M,0,2016,20,Term20,50000.0,357.5,inforce,,
385,21,M,0,2012,10,Term10,50000.0,247.5,lapsed,2021.0,10.0
386,25,M,0,2021,20,Term20,157755.29,1127.95,lapsed,2025.0,5.0
387,22,M,0,2014,20,Term20,76486.24,546.88,inforce,,
388,54,M,0,2022,30,Term30,95860.8,896.3,lapsed,2039.0,18.0
389,56,M,1,2017,10,Term10,62514.09,407.9,inforce,,
390,26,F,0,2021,10,Term10,50000.0,225.0,lapsed,2022.0,2.0
391,50,M,0,2013,10,Term10,200093.83,990.46,inforce,,
392,27,F,0,2013,20,Term20,65322.05,424.59,inforce,,
393,35,M,0,2020,30,Term30,56048.8,524.06,lapsed,2029.0,10.0
394,44,M,0,2021,10,Term10,141165.1,698.77,lapsed,2022.0,2.0
395,49,F,0,2017,20,Term20,50000.0,325.0,inforce,,
396,55,F,0,2012,30,Term30,51183.04,435.06,inforce,,
397,21,M,0,2022,10,Term10,73581.43,364.23,lapsed,2028.0,7.0
398,28,M,0,2016,10,Term10,73142.29,362.05,inforce,,
399,31,M,0,2022,20,Term20,85456.85,611.02,lapsed,2030.0,9.0
400,32,F,0,2021,20,Term20,256530.14,1667.45,lapsed,2023.0,3.0
401,60,M,0,2021,10,Term10,89478.08,442.92,lapsed,2021.0,1.0
402,51,M,0,2019,20,Term20,50000.0,357.5,lapsed,2029.0,11.0
403,33,M,1,2019,20,Term20,88945.52,838.31,claimed,2022.0,4.0
404,59,M,0,2017,30,Term30,74811.58,699.49,inforce,,
405,40,F,0,2012,30,Term30,75062.02,638.03,inforce,,
406,40,F,0,2016,20,Term20,84759.1,550.93,lapsed,2023.0,8.0
407,37,M,0,2020,20,Term20,71882.85,513.96,inforce,,
408,25,M,0,2020,10,Term10,70857.97,350.75,lapsed,2023.0,4.0
409,58,M,1,2018,20,Term20,105643.61,995.69,lapsed,2018.0,1.0
410,20,M,1,2019,10,Term10,52825.62,344.69,lapsed,2027.0,9.0
411,27,F,0,2012,20,Term20,50000.0,325.0,inforce,,
412,29,F,0,2017,10,Term10,448771.38,2019.47,inforce,,
413,31,F,1,2017,20,Term20,50000.0,438.75,inforce,,
414,25,F,0,2021,10,Term10,77659.23,349.47,lapsed,2021.0,1.0
415,20,F,0,2015,10,Term10,50000.0,225.0,inforce,,
416,47,F,0,2014,10,Term10,78423.67,352.91,lapsed,2016.0,3.0
417,59,M,0,2015,20,Term20,50000.0,357.5,lapsed,2019.0,5.0
418,24,M,0,2013,20,Term20,56078.97,400.96,inforce,,
419,32,M,0,2018,10,Term10,136904.49,677.68,inforce,,
420,40,F,1,2019,30,Term30,97071.76,1113.9,lapsed,2019.0,1.0
421,58,M,0,2020,30,Term30,102851.94,961.67,lapsed,2035.0,16.0
422,48,F,0,2022,10,Term10,50000.0,225.0,inforce,,
423,51,F,0,2012,20,Term20,220166.0,1431.08,inforce,,
424,43,F,0,2014,10,Term10,50000.0,225.0,lapsed,2014.0,1.0
425,37,M,0,2015,10,Term10,182980.8,905.75,inforce,,
426,28,M,0,2014,20,Term20,134986.0,965.15,inforce,,
427,55,M,0,2021,10,Term10,103404.07,511.85,lapsed,2021.0,1.0
428,52,F,0,2013,30,Term30,50000.0,425.0,lapsed,2013.0,1.0
429,21,F,0,2012,30,Term30,80093.81,680.8,lapsed,2013.0,2.0
430,49,F,0,2021,20,Term20,55129.88,358.34,lapsed,2029.0,9.0
431,23,M,0,2022,20,Term20,74415.81,532.07,inforce,,
432,50,M,0,2014,20,Term20,62948.78,450.08,inforce,,
433,53,M,0,2015,30,Term30,50000.0,467.5,lapsed,2030.0,16.0
434,25,F,1,2017,10,Term10,143353.73,870.87,inforce,,
435,37,F,0,2017,10,Term10,69656.81,313.46,inforce,,
436,25,M,0,2022,20,Term20,54672.7,390.91,inforce,,
437,43,F,0,2016,10,Term10,52250.44,235.13,inforce,,
438,58,M,0,2012,10,Term10,90678.52,448.86,lapsed,2015.0,4.0
439,23,F,0,2016,10,Term10,50000.0,225.0,inforce,,
440,36,M,0,2018,20,Term20,50000.0,357.5,inforce,,
441,59,M,0,2017,10,Term10,93365.57,462.16,inforce,,
442,32,F,0,2017,10,Term10,99853.74,449.34,inforce,,
443,25,M,0,2022,10,Term10,64875.21,321.13,inforce,,
444,40,M,0,2020,10,Term10,50000.0,247.5,lapsed,2024.0,5.0
445,40,M,1,2014,30,Term30,77138.77,950.74,inforce,,
446,47,M,1,2015,10,Term10,50000.0,326.25,inforce,,
447,32,F,0,2019,20,Term20,50000.0,325.0,lapsed,2031.0,13.0
448,59,F,1,2016,20,Term20,50000.0,438.75,lapsed,2019.0,4.0
449,41,F,0,2016,10,Term10,121341.41,546.04,inforce,,
450,31,M,1,2013,20,Term20,58831.54,554.49,lapsed,2013.0,1.0
451,59,F,1,2014,20,Term20,55897.79,490.5,lapsed,2019.0,6.0
452,57,M,0,2020,20,Term20,236290.09,1689.47,inforce,,
453,40,M,0,2021,10,Term10,90352.82,447.25,inforce,,
454,21,M,1,2020,10,Term10,89625.64,584.81,inforce,,
455,44,F,1,2015,30,Term30,58581.81,672.23,claimed,2024.0,10.0
456,42,F,1,2013,20,Term20,51132.57,448.69,inforce,,
457,26,F,0,2013,30,Term30,50000.0,425.0,lapsed,2026.0,14.0
458,45,F,0,2016,30,Term30,130776.41,1111.6,lapsed,2017.0,2.0
459,54,M,1,2017,10,Term10,95701.17,624.45,inforce,,
460,24,F,0,2021,20,Term20,65676.76,426.9,inforce,,
461,49,F,0,2021,10,Term10,67350.39,303.08,lapsed,2023.0,3.0
462,25,M,0,2012,20,Term20,113741.84,813.25,inforce,,
463,50,M,0,2019,10,Term10,50000.0,247.5,inforce,,
464,37,M,0,2015,10,Term10,51332.08,254.09,lapsed,2015.0,1.0
465,20,F,0,2014,20,Term20,50000.0,325.0,lapsed,2015.0,2.0
466,59,M,0,2018,20,Term20,211695.79,1513.62,lapsed,2018.0,1.0
467,26,F,0,2012,20,Term20,123672.64,803.87,lapsed,2013.0,2.0
468,44,M,1,2015,10,Term10,50000.0,326.25,inforce,,
469,27,F,0,2018,10,Term10,50000.0,225.0,lapsed,2022.0,5.0
470,58,M,0,2014,30,Term30,67547.92,631.57,inforce,,
471,50,M,0,2018,10,Term10,55079.67,272.64,lapsed,2018.0,1.0
472,52,M,1,2017,10,Term10,50000.0,326.25,lapsed,2018.0,2.0
473,37,M,0,2020,20,Term20,234886.42,1679.44,inforce,,
474,39,F,0,2013,10,Term10,88214.26,396.96,inforce,,
475,46,M,0,2012,20,Term20,97235.37,695.23,lapsed,2019.0,8.0
476,52,F,0,2017,10,Term10,50000.0,225.0,inforce,,
477,54,M,0,2014,20,Term20,112799.2,806.51,inforce,,
478,20,M,1,2019,30,Term30,58205.8,717.39,inforce,,
479,47,F,0,2013,30,Term30,61697.22,524.43,inforce,,
480,24,M,0,2018,20,Term20,105514.24,754.43,inforce,,
481,31,F,1,2022,10,Term10,50000.0,303.75,lapsed,2022.0,1.0
482,54,F,0,2013,20,Term20,190654.22,1239.25,inforce,,
483,30,F,1,2015,20,Term20,81587.68,715.93,inforce,,
484,52,M,0,2021,20,Term20,157718.41,1127.69,inforce,,
485,38,M,0,2017,20,Term20,50000.0,357.5,inforce,,
486,29,F,1,2013,20,Term20,50000.0,438.75,inforce,,
487,33,M,0,2014,20,Term20,50000.0,357.5,inforce,,
488,41,M,0,2020,20,Term20,84980.63,607.61,inforce,,
489,51,M,1,2021,10,Term10,76083.75,496.45,inforce,,
490,44,F,0,2015,10,Term10,55345.63,249.06,inforce,,
491,58,F,0,2017,20,Term20,50000.0,325.0,inforce,,
492,55,F,0,2020,10,Term10,50000.0,225.0,inforce,,
493,50,F,0,2013,30,Term30,71033.7,603.79,inforce,,
494,44,M,0,2014,20,Term20,55306.62,395.44,inforce,,
495,31,F,0,2020,10,Term10,50000.0,225.0,inforce,,
496,36,M,0,2014,20,Term20,185026.38,1322.94,inforce,,
497,24,F,0,2020,20,Term20,69605.9,452.44,lapsed,2020.0,1.0
498,35,M,0,2017,20,Term20,156690.18,1120.33,inforce,,
499,57,F,1,2022,10,Term10,53106.19,322.62,lapsed,2022.0,1.0
500,37,M,0,2012,30,Term30,84699.57,791.94,inforce,,
501,24,M,1,2022,10,Term10,70736.32,461.55,inforce,,
502,46,M,0,2014,20,Term20,50000.0,357.5,lapsed,2030.0,17.0
503,59,M,1,2012,10,Term10,172301.82,1124.27,inforce,,
504,55,M,0,2019,20,Term20,67434.22,482.15,inforce,,
505,31,F,0,2017,20,Term20,114445.15,743.89,inforce,,
506,38,M,1,2021,20,Term20,50000.0,471.25,inforce,,
507,41,F,0,2013,10,Term10,66243.55,298.1,inforce,,
508,30,M,0,2012,20,Term20,50000.0,357.5,lapsed,2017.0,6.0
509,31,F,0,2018,20,Term20,153521.99,997.89,lapsed,2019.0,2.0
510,29,M,0,2021,10,Term10,88154.44,436.36,lapsed,2021.0,1.0
511,60,F,0,2016,30,Term30,91147.3,774.75,lapsed,2025.0,10.0
512,50,F,0,2020,20,Term20,165199.73,1073.8,lapsed,2028.0,9.0
513,54,M,0,2021,30,Term30,146357.1,1368.44,lapsed,2025.0,5.0
514,53,F,0,2021,30,Term30,115752.03,983.89,lapsed,2022.0,2.0
515,59,M,0,2017,30,Term30,50000.0,467.5,inforce,,
516,24,M,0,2019,20,Term20,50000.0,357.5,inforce,,
517,56,F,0,2017,20,Term20,50000.0,325.0,lapsed,2024.0,8.0
518,22,F,0,2019,10,Term10,113155.72,509.2,inforce,,
519,39,M,0,2018,20,Term20,81015.13,579.26,lapsed,2037.0,20.0
520,44,M,0,2017,20,Term20,50000.0,357.5,inforce,,
521,34,F,0,2016,20,Term20,65300.4,424.45,inforce,,
522,25,F,0,2019,30,Term30,50000.0,425.0,claimed,2025.0,7.0
523,27,F,0,2020,10,Term10,70834.83,318.76,lapsed,2027.0,8.0
524,53,F,0,2022,10,Term10,50000.0,225.0,inforce,,
525,33,F,0,2018,20,Term20,100438.06,652.85,lapsed,2019.0,2.0
526,32,M,0,2013,10,Term10,91745.85,454.14,inforce,,
527,57,F,1,2018,10,Term10,229755.07,1395.76,inforce,,
528,25,M,0,2015,10,Term10,121628.18,602.06,lapsed,2019.0,5.0
529,57,F,0,2012,20,Term20,56740.95,368.82,inforce,,
530,57,M,0,2012,10,Term10,119472.57,591.39,lapsed,2017.0,6.0
531,44,F,0,2018,10,Term10,50000.0,225.0,lapsed,2019.0,2.0
532,26,F,0,2022,10,Term10,50000.0,225.0,inforce,,
533,26,F,0,2017,10,Term10,89311.5,401.9,inforce,,
534,31,F,0,2016,10,Term10,50000.0,225.0,lapsed,2018.0,3.0
535,43,M,0,2012,20,Term20,71517.93,511.35,inforce,,
536,26,F,0,2019,20,Term20,50000.0,325.0,inforce,,
537,38,M,1,2012,10,Term10,77713.5,507.08,lapsed,2015.0,4.0
538,24,M,0,2021,20,Term20,50000.0,357.5,inforce,,
539,42,M,0,2020,10,Term10,94329.47,466.93,inforce,,
540,20,M,0,2022,10,Term10,73983.43,366.22,inforce,,
541,49,M,0,2015,30,Term30,169434.14,1584.21,claimed,2038.0,24.0
542,22,F,0,2013,20,Term20,73426.54,477.27,inforce,,
543,27,F,0,2015,30,Term30,50000.0,425.0,lapsed,2029.0,15.0
544,27,F,1,2020,10,Term10,63061.67,383.1,lapsed,2023.0,4.0
545,54,M,1,2014,10,Term10,50000.0,326.25,inforce,,
546,22,M,0,2021,10,Term10,93309.98,461.88,inforce,,
547,37,M,0,2013,10,Term10,104183.61,515.71,inforce,,
548,44,F,0,2012,30,Term30,321745.98,2734.84,inforce,,
549,41,F,0,2014,10,Term10,50357.28,226.61,inforce,,
550,47,M,0,2020,30,Term30,62275.49,582.28,lapsed,2048.0,29.0
551,52,F,1,2018,30,Term30,51768.9,594.05,lapsed,2022.0,5.0
552,36,M,0,2015,20,Term20,83055.82,593.85,inforce,,
553,53,M,0,2019,10,Term10,91951.3,455.16,inforce,,
554,33,M,1,2019,20,Term20,70825.55,667.53,lapsed,2021.0,3.0
555,60,M,0,2018,10,Term10,140336.1,694.66,inforce,,
556,40,F,0,2017,20,Term20,50504.23,328.28,inforce,,
557,50,F,1,2013,10,Term10,132151.52,802.82,lapsed,2014.0,2.0
558,55,M,0,2014,30,Term30,101022.52,944.56,lapsed,2014.0,1.0
559,52,F,0,2017,20,Term20,72604.49,471.93,lapsed,2035.0,19.0
560,54,F,0,2013,20,Term20,60538.69,393.5,lapsed,2023.0,11.0
561,41,F,1,2017,20,Term20,313639.86,2752.19,lapsed,2017.0,1.0
562,21,F,0,2013,20,Term20,50000.0,325.0,inforce,,
563,40,M,0,2020,30,Term30,87444.53,817.61,inforce,,
564,27,F,0,2013,10,Term10,50000.0,225.0,inforce,,
565,56,M,0,2013,30,Term30,213495.8,1996.19,claimed,2028.0,16.0
566,29,F,1,2019,20,Term20,124504.33,1092.53,inforce,,
567,29,M,0,2014,30,Term30,50000.0,467.5,lapsed,2038.0,25.0
568,30,F,1,2015,10,Term10,99464.59,604.25,lapsed,2015.0,1.0
569,46,M,0,2015,20,Term20,85358.68,610.31,inforce,,
570,43,M,0,2014,10,Term10,53638.65,265.51,inforce,,
571,58,F,1,2020,20,Term20,115254.56,1011.36,lapsed,2037.0,18.0
572,37,F,0,2019,10,Term10,92372.37,415.68,inforce,,
573,31,M,0,2014,10,Term10,83234.67,412.01,inforce,,
574,22,F,1,2019,10,Term10,71314.02,433.23,inforce,,
575,20,F,0,2019,10,Term10,94715.48,426.22,inforce,,
576,35,M,0,2017,10,Term10,83921.12,415.41,lapsed,2018.0,2.0
577,57,F,1,2018,20,Term20,75769.87,664.88,lapsed,2025.0,8.0
578,41,M,0,2022,10,Term10,50000.0,247.5,inforce,,
579,56,F,0,2016,20,Term20,202047.83,1313.31,inforce,,
580,24,M,0,2016,10,Term10,50000.0,247.5,inforce,,
581,23,M,0,2017,20,Term20,94521.42,675.83,lapsed,2031.0,15.0
582,54,F,0,2021,20,Term20,60346.34,392.25,inforce,,
583,24,F,0,2019,10,Term10,210181.84,945.82,lapsed,2022.0,4.0
584,22,F,0,2012,20,Term20,50000.0,325.0,inforce,,
585,36,F,0,2017,30,Term30,50000.0,425.0,inforce,,
586,57,F,0,2020,20,Term20,50000.0,325.0,inforce,,
587,48,F,0,2014,10,Term10,88794.41,399.57,inforce,,
588,24,F,0,2022,10,Term10,50000.0,225.0,inforce,,
589,54,M,0,2020,20,Term20,54878.83,392.38,inforce,,
590,54,M,0,2021,10,Term10,50000.0,247.5,inforce,,
591,52,M,0,2012,20,Term20,84478.54,604.02,lapsed,2020.0,9.0
592,57,F,1,2018,10,Term10,54169.38,329.08,inforce,,
593,29,M,0,2017,20,Term20,50000.0,357.5,inforce,,
594,60,M,0,2018,10,Term10,140275.78,694.37,inforce,,
595,33,F,1,2021,10,Term10,50000.0,303.75,inforce,,
596,52,M,0,2015,30,Term30,117967.71,1103.0,claimed,2037.0,23.0
597,43,M,0,2017,30,Term30,50000.0,467.5,lapsed,2035.0,19.0
598,51,F,0,2019,30,Term30,191174.68,1624.98,claimed,2019.0,1.0
599,45,F,0,2020,30,Term30,114660.44,974.61,lapsed,2038.0,19.0
600,46,M,0,2020,10,Term10,50000.0,247.5,inforce,,
601,45,M,0,2015,10,Term10,50000.0,247.5,lapsed,2019.0,5.0
602,51,M,0,2022,10,Term10,105168.08,520.58,lapsed,2028.0,7.0
603,50,F,1,2012,20,Term20,62478.21,548.25,lapsed,2013.0,2.0
604,25,F,1,2017,10,Term10,66065.01,401.34,lapsed,2018.0,2.0
605,53,M,0,2018,30,Term30,156896.76,1466.98,claimed,2047.0,30.0
606,41,F,0,2012,10,Term10,50000.0,225.0,claimed,2012.0,1.0
607,33,M,0,2016,10,Term10,77248.0,382.38,inforce,,
608,41,M,1,2018,10,Term10,129673.71,846.12,inforce,,
609,59,F,0,2018,10,Term10,118832.53,534.75,lapsed,2022.0,5.0
610,55,M,0,2013,10,Term10,66451.82,328.94,inforce,,
611,54,M,0,2015,20,Term20,61491.64,439.67,inforce,,
612,38,M,0,2014,10,Term10,50000.0,247.5,lapsed,2015.0,2.0
613,52,F,0,2019,20,Term20,50000.0,325.0,inforce,,
614,35,F,0,2015,30,Term30,88522.81,752.44,lapsed,2042.0,28.0
615,48,F,0,2018,20,Term20,67323.91,437.61,inforce,,
616,46,M,1,2020,20,Term20,76493.13,720.95,lapsed,2020.0,1.0
617,30,M,0,2020,10,Term10,136427.98,675.32,inforce,,
618,30,F,0,2014,10,Term10,50000.0,225.0,inforce,,
619,22,M,0,2021,10,Term10,63468.04,314.17,inforce,,
620,25,F,0,2013,30,Term30,81897.73,696.13,inforce,,
621,37,F,0,2012,20,Term20,50000.0,325.0,inforce,,
622,39,M,0,2012,10,Term10,172626.62,854.5,inforce,,
623,26,F,0,2014,10,Term10,126140.56,567.63,inforce,,
624,37,M,0,2021,20,Term20,87036.25,622.31,inforce,,
625,44,M,0,2014,20,Term20,214601.71,1534.4,lapsed,2020.0,7.0
626,29,F,0,2019,20,Term20,50000.0,325.0,lapsed,2019.0,1.0
627,33,F,0,2016,30,Term30,72792.21,618.73,inforce,,
628,35,F,0,2012,20,Term20,91108.12,592.2,lapsed,2018.0,7.0
629,40,F,0,2016,20,Term20,50000.0,325.0,inforce,,
630,35,F,0,2012,10,Term10,87590.58,394.16,inforce,,
631,50,F,0,2017,10,Term10,50000.0,225.0,lapsed,2026.0,10.0
632,33,F,0,2018,30,Term30,110672.91,940.72,lapsed,2032.0,15.0
633,37,M,1,2017,20,Term20,137957.49,1300.25,inforce,,
634,35,F,1,2015,10,Term10,86111.65,523.13,inforce,,
635,27,F,0,2020,20,Term20,50000.0,325.0,lapsed,2020.0,1.0
636,48,M,0,2018,10,Term10,50000.0,247.5,inforce,,
637,29,M,0,2014,20,Term20,102623.89,733.76,claimed,2025.0,12.0
638,32,M,0,2016,10,Term10,74066.54,366.63,inforce,,
639,52,M,0,2013,20,Term20,50000.0,357.5,lapsed,2028.0,16.0
640,58,F,1,2022,20,Term20,154152.59,1352.69,claimed,2024.0,3.0
641,47,M,1,2020,10,Term10,79379.38,517.95,inforce,,
642,57,F,0,2015,10,Term10,50000.0,225.0,lapsed,2015.0,1.0
643,55,F,0,2019,20,Term20,132849.66,863.52,lapsed,2019.0,1.0
644,39,F,1,2019,10,Term10,50000.0,303.75,lapsed,2019.0,1.0
645,51,M,0,2018,10,Term10,50000.0,247.5,inforce,,
646,33,M,1,2012,20,Term20,90672.7,854.59,inforce,,
647,38,F,0,2021,10,Term10,212909.63,958.09,lapsed,2025.0,5.0
648,41,F,1,2022,10,Term10,193716.75,1176.83,inforce,,
649,59,M,0,2022,10,Term10,90746.66,449.2,inforce,,
650,54,F,0,2022,30,Term30,96512.85,820.36,lapsed,2028.0,7.0
651,40,M,0,2022,10,Term10,117582.95,582.04,inforce,,
652,46,F,0,2020,10,Term10,50000.0,225.0,lapsed,2029.0,10.0
653,28,M,0,2012,10,Term10,107633.69,532.79,inforce,,
654,52,M,0,2017,10,Term10,50000.0,247.5,inforce,,
655,42,F,0,2014,10,Term10,88529.12,398.38,inforce,,
656,41,M,1,2014,10,Term10,63800.7,416.3,inforce,,
657,51,M,0,2021,10,Term10,98787.37,489.0,inforce,,
658,45,M,0,2020,10,Term10,78500.64,388.58,inforce,,
659,22,M,0,2017,30,Term30,50000.0,467.5,inforce,,
660,31,F,0,2020,10,Term10,81416.65,366.37,lapsed,2024.0,5.0
661,27,M,0,2013,10,Term10,107504.91,532.15,lapsed,2015.0,3.0
662,50,F,0,2014,30,Term30,95564.53,812.3,claimed,2031.0,18.0
663,21,F,0,2021,30,Term30,68764.88,584.5,lapsed,2042.0,22.0
664,28,M,0,2016,20,Term20,195887.74,1400.6,inforce,,
665,44,M,1,2018,10,Term10,88152.53,575.2,lapsed,2018.0,1.0
666,48,F,0,2017,10,Term10,95092.37,427.92,inforce,,
667,40,F,1,2014,10,Term10,136857.45,831.41,inforce,,
668,55,F,0,2021,10,Term10,90903.68,409.07,inforce,,
669,57,F,0,2020,10,Term10,50000.0,225.0,inforce,,
670,25,M,0,2019,20,Term20,50000.0,357.5,inforce,,
671,59,M,0,2015,10,Term10,54925.2,271.88,inforce,,
672,45,F,0,2019,20,Term20,115447.06,750.41,lapsed,2038.0,20.0
673,46,M,0,2022,10,Term10,59168.36,292.88,lapsed,2023.0,2.0
674,23,F,0,2019,10,Term10,118267.82,532.21,lapsed,2024.0,6.0
675,45,F,0,2017,20,Term20,79956.41,519.72,inforce,,
676,49,F,0,2014,30,Term30,158393.8,1346.35,lapsed,2017.0,4.0
677,43,M,0,2017,10,Term10,61259.24,303.23,lapsed,2017.0,1.0
678,23,M,1,2016,20,Term20,96816.13,912.49,lapsed,2028.0,13.0
679,41,M,0,2018,10,Term10,99064.96,490.37,inforce,,
680,58,M,1,2012,10,Term10,180044.82,1174.79,inforce,,
681,49,F,0,2014,20,Term20,50000.0,325.0,inforce,,
682,25,M,1,2020,10,Term10,55545.35,362.43,inforce,,
683,59,M,1,2016,10,Term10,121675.1,793.93,inforce,,
684,59,M,0,2016,10,Term10,184893.99,915.23,inforce,,
685,26,M,0,2017,10,Term10,84460.81,418.08,inforce,,
686,52,F,0,2016,10,Term10,61351.66,276.08,inforce,,
687,36,M,1,2020,10,Term10,115182.26,751.56,lapsed,2024.0,5.0
688,44,F,0,2014,30,Term30,123157.78,1046.84,lapsed,2030.0,17.0
689,38,M,0,2020,20,Term20,58935.74,421.39,inforce,,
690,52,F,1,2014,10,Term10,89159.7,541.65,inforce,,
691,60,M,0,2016,10,Term10,148496.45,735.06,inforce,,
692,52,M,0,2018,20,Term20,227356.69,1625.6,inforce,,
693,58,F,0,2021,10,Term10,114183.6,513.83,inforce,,
694,58,F,0,2014,20,Term20,75093.05,488.1,lapsed,2017.0,4.0
695,23,F,0,2018,20,Term20,70795.8,460.17,lapsed,2024.0,7.0
696,30,M,1,2012,10,Term10,102174.55,666.69,inforce,,
697,49,M,0,2012,10,Term10,68227.04,337.72,inforce,,
698,44,F,0,2020,10,Term10,81943.42,368.75,inforce,,
699,22,M,0,2019,10,Term10,50000.0,247.5,inforce,,
700,23,F,0,2016,10,Term10,159250.6,716.63,inforce,,
701,41,F,0,2018,30,Term30,50000.0,425.0,inforce,,
702,45,F,1,2016,10,Term10,56428.69,342.8,inforce,,
703,26,F,1,2015,20,Term20,77540.52,680.42,lapsed,2025.0,11.0
704,27,F,0,2016,20,Term20,241492.12,1569.7,inforce,,
705,25,M,0,2015,10,Term10,56748.82,280.91,inforce,,
706,43,M,0,2020,10,Term10,50000.0,247.5,inforce,,
707,20,F,0,2016,10,Term10,52549.45,236.47,inforce,,
708,43,M,0,2015,20,Term20,197864.61,1414.73,inforce,,
709,39,M,0,2017,10,Term10,50000.0,247.5,inforce,,
710,39,M,0,2020,20,Term20,50000.0,357.5,inforce,,
711,47,F,1,2015,30,Term30,376537.61,4320.77,lapsed,2038.0,24.0
712,41,F,0,2022,20,Term20,104248.13,677.61,inforce,,
713,49,F,1,2017,30,Term30,50000.0,573.75,inforce,,
714,51,M,0,2019,20,Term20,71314.09,509.9,inforce,,
715,57,M,1,2022,30,Term30,76150.94,938.56,lapsed,2039.0,18.0
716,52,F,0,2016,20,Term20,121500.68,789.75,lapsed,2016.0,1.0
717,41,M,0,2014,20,Term20,220510.63,1576.65,inforce,,
718,40,F,1,2020,20,Term20,92330.61,810.2,lapsed,2020.0,1.0
719,29,F,1,2012,30,Term30,52898.33,607.01,inforce,,
720,44,M,0,2017,10,Term10,117271.93,580.5,inforce,,
721,25,M,0,2022,20,Term20,50000.0,357.5,lapsed,2025.0,4.0
722,58,M,0,2016,20,Term20,50000.0,357.5,inforce,,
723,54,F,0,2019,30,Term30,50000.0,425.0,inforce,,
724,24,F,0,2017,10,Term10,50000.0,225.0,inforce,,
725,52,M,1,2014,20,Term20,50000.0,471.25,lapsed,2027.0,14.0
726,24,F,0,2015,20,Term20,50000.0,325.0,inforce,,
727,49,M,0,2017,30,Term30,88251.14,825.15,inforce,,
728,23,M,0,2013,10,Term10,50000.0,247.5,lapsed,2020.0,8.0
729,40,F,0,2016,20,Term20,50000.0,325.0,inforce,,
730,46,M,0,2016,20,Term20,50000.0,357.5,claimed,2019.0,4.0
731,49,M,0,2021,30,Term30,55098.85,515.17,inforce,,
732,37,F,0,2013,30,Term30,50854.83,432.27,lapsed,2017.0,5.0
733,57,M,0,2021,20,Term20,181991.42,1301.24,inforce,,
734,51,F,1,2016,20,Term20,50608.48,444.09,lapsed,2025.0,10.0
735,28,M,0,2019,10,Term10,124064.15,614.12,inforce,,
736,47,M,1,2018,30,Term30,72302.24,891.13,claimed,2036.0,19.0
737,49,M,0,2015,10,Term10,71297.54,352.92,inforce,,
738,33,M,0,2022,20,Term20,50000.0,357.5,inforce,,
739,50,M,0,2014,20,Term20,70596.12,504.76,lapsed,2033.0,20.0
740,56,M,0,2012,10,Term10,50000.0,247.5,inforce,,
741,53,F,0,2020,10,Term10,80984.62,364.43,inforce,,
742,51,M,0,2018,10,Term10,63465.4,314.15,inforce,,
743,46,M,0,2021,30,Term30,50000.0,467.5,inforce,,
744,31,M,0,2017,20,Term20,132605.87,948.13,lapsed,2027.0,11.0
745,52,M,0,2012,10,Term10,94476.3,467.66,inforce,,
746,34,M,0,2012,20,Term20,55891.21,399.62,inforce,,
747,41,F,0,2016,10,Term10,79801.36,359.11,inforce,,
748,32,M,0,2014,30,Term30,69543.41,650.23,inforce,,
749,32,F,0,2022,10,Term10,50000.0,225.0,inforce,,
750,26,F,0,2013,10,Term10,76290.05,343.31,inforce,,
751,59,M,0,2021,10,Term10,50382.19,249.39,inforce,,
752,26,M,0,2014,20,Term20,50000.0,357.5,inforce,,
753,23,M,0,2013,10,Term10,50000.0,247.5,lapsed,2013.0,1.0
754,58,F,0,2015,20,Term20,58973.04,383.32,inforce,,
755,42,M,1,2013,10,Term10,102763.18,670.53,inforce,,
756,37,F,0,2016,10,Term10,50000.0,225.0,inforce,,
757,50,F,1,2015,10,Term10,331845.65,2015.96,inforce,,
758,35,F,0,2017,10,Term10,124419.15,559.89,inforce,,
759,25,F,0,2017,30,Term30,159947.05,1359.55,inforce,,
760,49,F,0,2012,10,Term10,117847.4,530.31,inforce,,
761,27,M,0,2013,30,Term30,222285.75,2078.37,lapsed,2037.0,25.0
762,42,M,1,2013,10,Term10,50000.0,326.25,inforce,,
763,58,M,0,2014,10,Term10,50000.0,247.5,inforce,,
764,58,F,0,2013,10,Term10,55956.21,251.8,lapsed,2018.0,6.0
765,34,F,0,2015,10,Term10,102224.96,460.01,inforce,,
766,51,F,0,2018,20,Term20,80090.31,520.59,inforce,,
767,45,M,0,2015,20,Term20,86274.0,616.86,inforce,,
768,39,F,0,2015,10,Term10,161546.13,726.96,inforce,,
769,25,M,0,2017,20,Term20,91971.55,657.6,inforce,,
770,35,M,1,2018,20,Term20,118107.18,1113.16,inforce,,
771,46,F,0,2015,30,Term30,50000.0,425.0,lapsed,2030.0,16.0
772,60,M,0,2014,30,Term30,50000.0,467.5,claimed,2039.0,26.0
773,20,M,0,2016,20,Term20,192618.79,1377.22,inforce,,
774,49,F,1,2012,20,Term20,77694.59,681.77,inforce,,
775,54,M,1,2017,20,Term20,50315.2,474.22,inforce,,
776,58,M,0,2022,10,Term10,50370.62,249.33,inforce,,
777,37,M,0,2016,20,Term20,50000.0,357.5,inforce,,
778,24,M,0,2013,10,Term10,50000.0,247.5,lapsed,2022.0,10.0
779,31,F,1,2019,20,Term20,50000.0,438.75,inforce,,
780,54,F,0,2013,30,Term30,50000.0,425.0,inforce,,
781,55,M,0,2014,10,Term10,65055.59,322.03,lapsed,2014.0,1.0
782,46,M,0,2013,20,Term20,51238.4,366.35,lapsed,2021.0,9.0
783,25,M,0,2021,30,Term30,142101.32,1328.65,claimed,2047.0,27.0
784,24,F,0,2022,10,Term10,87190.09,392.36,inforce,,
785,39,F,0,2018,20,Term20,85749.94,557.37,inforce,,
786,44,F,0,2018,30,Term30,50000.0,425.0,inforce,,
787,21,M,1,2019,30,Term30,68008.16,838.2,inforce,,
788,48,M,0,2018,10,Term10,90816.9,449.54,inforce,,
789,42,M,0,2017,10,Term10,112388.56,556.32,inforce,,
790,20,F,0,2022,20,Term20,69124.53,449.31,inforce,,
791,23,M,1,2020,10,Term10,139730.98,911.74,lapsed,2020.0,1.0
792,38,F,0,2012,10,Term10,73481.84,330.67,inforce,,
793,49,F,0,2016,10,Term10,117678.11,529.55,inforce,,
794,53,M,0,2022,10,Term10,54507.23,269.81,inforce,,
795,37,M,0,2016,20,Term20,50000.0,357.5,lapsed,2016.0,1.0
796,32,M,0,2014,20,Term20,85906.55,614.23,lapsed,2014.0,1.0
797,59,M,0,2021,20,Term20,113005.8,807.99,lapsed,2021.0,1.0
798,38,M,0,2018,20,Term20,103280.97,738.46,inforce,,
799,32,F,0,2018,10,Term10,94212.86,423.96,inforce,,
800,38,M,0,2016,10,Term10,59328.66,293.68,inforce,,
801,20,M,1,2013,10,Term10,50000.0,326.25,lapsed,2013.0,1.0
802,32,F,0,2016,10,Term10,101827.65,458.22,inforce,,
803,41,F,0,2016,10,Term10,94454.02,425.04,inforce,,
804,57,M,0,2022,10,Term10,52232.52,258.55,inforce,,
805,50,F,0,2015,10,Term10,142294.55,640.33,inforce,,
806,52,F,0,2013,10,Term10,50000.0,225.0,inforce,,
807,42,F,0,2016,20,Term20,51528.28,334.93,inforce,,
808,24,F,0,2022,20,Term20,195214.67,1268.9,inforce,,
809,36,M,0,2017,30,Term30,123148.86,1151.44,inforce,,
810,60,F,1,2016,20,Term20,58994.2,517.67,lapsed,2016.0,1.0
811,21,M,1,2019,20,Term20,86892.62,818.96,inforce,,
812,56,F,0,2019,10,Term10,80247.86,361.12,inforce,,
813,48,F,0,2015,20,Term20,50000.0,325.0,inforce,,
814,31,M,0,2022,10,Term10,50000.0,247.5,inforce,,
815,51,M,0,2018,10,Term10,70933.07,351.12,lapsed,2019.0,2.0
816,54,F,0,2012,10,Term10,59043.7,265.7,claimed,2021.0,10.0
817,21,F,0,2016,10,Term10,84817.87,381.68,inforce,,
818,24,M,0,2022,10,Term10,144017.4,712.89,lapsed,2022.0,1.0
819,47,F,0,2016,20,Term20,60299.47,391.95,lapsed,2025.0,10.0
820,60,F,1,2018,20,Term20,50000.0,438.75,inforce,,
821,20,M,0,2018,20,Term20,88868.32,635.41,lapsed,2022.0,5.0
822,47,M,0,2019,20,Term20,60115.68,429.83,inforce,,
823,25,M,0,2021,20,Term20,66593.48,476.14,lapsed,2022.0,2.0
824,46,F,0,2013,10,Term10,61385.92,276.24,inforce,,
825,45,M,0,2017,20,Term20,280717.1,2007.13,inforce,,
826,23,F,1,2017,20,Term20,50000.0,438.75,inforce,,
827,47,M,0,2013,10,Term10,57930.52,286.76,inforce,,
828,56,F,0,2019,10,Term10,72968.75,328.36,inforce,,
829,55,M,0,2013,30,Term30,50000.0,467.5,claimed,2021.0,9.0
830,21,M,0,2017,20,Term20,125479.23,897.18,lapsed,2036.0,20.0
831,30,F,0,2015,10,Term10,119128.09,536.08,lapsed,2016.0,2.0
832,29,M,0,2013,20,Term20,71064.79,508.11,inforce,,
833,38,F,1,2021,10,Term10,62168.0,377.67,lapsed,2030.0,10.0
834,25,F,0,2014,10,Term10,68379.33,307.71,lapsed,2017.0,4.0
835,55,F,0,2014,10,Term10,68674.14,309.03,lapsed,2014.0,1.0
836,51,F,0,2021,10,Term10,69771.17,313.97,inforce,,
837,53,M,1,2021,20,Term20,65329.6,615.73,inforce,,
838,28,F,0,2012,10,Term10,85090.41,382.91,inforce,,
839,20,F,0,2015,20,Term20,114912.61,746.93,inforce,,
840,57,M,0,2019,10,Term10,50000.0,247.5,inforce,,
841,31,M,0,2020,20,Term20,50000.0,357.5,lapsed,2022.0,3.0
842,46,F,0,2022,20,Term20,50000.0,325.0,lapsed,2022.0,1.0
843,57,M,0,2018,20,Term20,122987.55,879.36,lapsed,2022.0,5.0
844,21,F,0,2012,20,Term20,84981.93,552.38,inforce,,
845,20,F,0,2021,30,Term30,99028.26,841.74,inforce,,
846,20,F,0,2013,20,Term20,50000.0,325.0,lapsed,2014.0,2.0
847,26,M,1,2013,20,Term20,213409.66,2011.39,inforce,,
848,22,M,1,2019,20,Term20,50751.14,478.33,lapsed,2020.0,2.0
849,53,M,0,2018,10,Term10,80896.31,400.44,inforce,,
850,44,M,0,2012,10,Term10,122104.29,604.42,inforce,,
851,60,F,0,2013,10,Term10,50000.0,225.0,lapsed,2019.0,7.0
852,52,F,1,2018,10,Term10,52691.29,320.1,lapsed,2020.0,3.0
853,59,M,0,2014,10,Term10,81430.33,403.08,inforce,,
854,29,M,0,2019,10,Term10,406152.44,2010.45,lapsed,2019.0,1.0
855,31,F,0,2016,20,Term20,87612.14,569.48,inforce,,
856,54,M,0,2018,10,Term10,191724.88,949.04,inforce,,
857,30,F,0,2017,20,Term20,150753.89,979.9,inforce,,
858,22,M,0,2016,10,Term10,91199.62,451.44,inforce,,
859,47,F,1,2015,20,Term20,50000.0,438.75,lapsed,2019.0,5.0
860,52,M,0,2019,10,Term10,138116.41,683.68,lapsed,2021.0,3.0
861,59,F,1,2017,10,Term10,50000.0,303.75,inforce,,
862,58,M,0,2018,10,Term10,191094.83,945.92,lapsed,2026.0,9.0
863,24,F,0,2018,20,Term20,82454.61,535.95,inforce,,
864,51,M,1,2014,10,Term10,50000.0,326.25,inforce,,
865,54,M,0,2022,30,Term30,59617.02,557.42,lapsed,2024.0,3.0
866,48,F,0,2018,10,Term10,108268.41,487.21,inforce,,
867,53,M,0,2019,20,Term20,63435.93,453.57,lapsed,2025.0,7.0
868,54,M,0,2021,10,Term10,112308.35,555.93,inforce,,
869,38,M,0,2022,20,Term20,50000.0,357.5,inforce,,
870,21,M,0,2019,10,Term10,50000.0,247.5,lapsed,2020.0,2.0
871,38,M,0,2020,10,Term10,70061.78,346.81,inforce,,
872,28,F,0,2017,10,Term10,74528.69,335.38,inforce,,
873,24,M,0,2020,10,Term10,59335.88,293.71,inforce,,
874,25,F,0,2015,10,Term10,152722.02,687.25,inforce,,
875,48,F,0,2019,30,Term30,50000.0,425.0,lapsed,2044.0,26.0
876,40,M,0,2012,10,Term10,88247.39,436.82,inforce,,
877,42,F,1,2022,10,Term10,76174.5,462.76,inforce,,
878,50,F,0,2014,30,Term30,50000.0,425.0,lapsed,2016.0,3.0
879,42,F,0,2019,10,Term10,50000.0,225.0,inforce,,
880,45,M,0,2012,10,Term10,73654.95,364.59,lapsed,2012.0,1.0
881,23,M,1,2013,20,Term20,240078.2,2262.74,inforce,,
882,54,M,0,2022,30,Term30,103524.32,967.95,claimed,2050.0,29.0
883,38,F,0,2021,20,Term20,50000.0,325.0,inforce,,
884,26,F,0,2014,10,Term10,50000.0,225.0,inforce,,
885,53,F,0,2013,30,Term30,113531.11,965.01,inforce,,
886,50,M,0,2020,10,Term10,69028.3,341.69,inforce,,
887,22,F,1,2022,30,Term30,145039.24,1664.33,lapsed,2038.0,17.0
888,27,M,0,2013,20,Term20,50000.0,357.5,lapsed,2013.0,1.0
889,20,F,0,2019,30,Term30,90230.93,766.96,inforce,,
890,31,M,0,2015,10,Term10,121504.2,601.45,inforce,,
891,24,F,0,2020,10,Term10,55911.3,251.6,inforce,,
892,49,F,0,2016,20,Term20,56633.09,368.12,claimed,2033.0,18.0
893,41,M,0,2013,20,Term20,74247.37,530.87,lapsed,2022.0,10.0
894,60,M,0,2015,20,Term20,101276.11,724.12,lapsed,2024.0,10.0
895,50,F,0,2017,30,Term30,72504.19,616.29,lapsed,2025.0,9.0
896,45,M,1,2020,20,Term20,131189.46,1236.46,lapsed,2033.0,14.0
897,40,F,0,2012,10,Term10,55427.93,249.43,inforce,,
898,22,F,0,2022,10,Term10,50000.0,225.0,inforce,,
899,22,F,0,2019,10,Term10,239470.43,1077.62,inforce,,
900,45,M,0,2021,10,Term10,50879.72,251.85,inforce,,
901,20,M,0,2022,10,Term10,51996.66,257.38,inforce,,
902,21,M,0,2013,20,Term20,70299.36,502.64,inforce,,
903,28,F,0,2013,20,Term20,76138.45,494.9,inforce,,
904,56,M,1,2020,20,Term20,57987.91,546.54,inforce,,
905,38,M,1,2014,10,Term10,72369.46,472.21,inforce,,
906,49,M,0,2013,20,Term20,71406.39,510.56,inforce,,
907,36,F,0,2017,20,Term20,81217.95,527.92,inforce,,
908,27,M,0,2022,30,Term30,50000.0,467.5,inforce,,
909,35,F,0,2020,20,Term20,226053.23,1469.35,inforce,,
910,23,F,1,2017,20,Term20,66945.02,587.44,lapsed,2018.0,2.0
911,51,F,0,2014,20,Term20,103608.39,673.45,inforce,,
912,27,F,1,2015,10,Term10,50000.0,303.75,inforce,,
913,35,F,0,2019,30,Term30,55127.27,468.58,lapsed,2041.0,23.0
914,60,F,0,2013,10,Term10,50000.0,225.0,inforce,,
915,44,M,0,2017,10,Term10,176633.86,874.34,inforce,,
916,38,F,0,2012,10,Term10,51457.52,231.56,inforce,,
917,42,F,0,2015,20,Term20,115248.74,749.12,lapsed,2021.0,7.0
918,52,F,0,2014,20,Term20,50000.0,325.0,inforce,,
919,30,F,0,2019,20,Term20,55738.63,362.3,lapsed,2026.0,8.0
920,46,F,1,2022,10,Term10,63112.23,383.41,inforce,,
921,55,F,0,2013,10,Term10,157993.17,710.97,inforce,,
922,43,M,0,2020,30,Term30,50000.0,467.5,lapsed,2021.0,2.0
923,38,M,0,2019,10,Term10,50000.0,247.5,inforce,,
924,25,M,0,2022,30,Term30,50000.0,467.5,claimed,2050.0,29.0
925,30,M,1,2022,10,Term10,50000.0,326.25,inforce,,
926,58,M,0,2013,20,Term20,50000.0,357.5,inforce,,
927,42,M,0,2020,20,Term20,50000.0,357.5,lapsed,2020.0,1.0
928,32,M,0,2018,20,Term20,50000.0,357.5,lapsed,2037.0,20.0
929,37,F,0,2013,10,Term10,50000.0,225.0,inforce,,
930,43,M,0,2014,30,Term30,50000.0,467.5,lapsed,2026.0,13.0
931,42,F,1,2022,20,Term20,150279.51,1318.7,lapsed,2027.0,6.0
932,48,F,0,2017,20,Term20,93167.37,605.59,lapsed,2017.0,1.0
933,30,M,0,2015,20,Term20,81836.66,585.13,inforce,,
934,46,M,0,2015,10,Term10,50000.0,247.5,inforce,,
935,38,M,0,2021,10,Term10,50000.0,247.5,lapsed,2023.0,3.0
936,58,F,1,2015,10,Term10,50000.0,303.75,inforce,,
937,26,M,0,2013,10,Term10,71258.84,352.73,inforce,,
938,26,F,0,2018,20,Term20,123118.93,800.27,lapsed,2019.0,2.0
939,38,F,0,2022,10,Term10,125670.72,565.52,inforce,,
940,40,F,0,2014,10,Term10,106763.08,480.43,inforce,,
941,48,M,1,2014,10,Term10,50000.0,326.25,inforce,,
942,36,M,0,2017,10,Term10,74215.62,367.37,inforce,,
943,57,M,0,2014,10,Term10,60306.46,298.52,lapsed,2014.0,1.0
944,39,M,0,2019,20,Term20,64814.6,463.42,inforce,,
945,25,M,0,2014,10,Term10,248271.14,1228.94,inforce,,
946,24,F,0,2013,30,Term30,50000.0,425.0,inforce,,
947,59,F,0,2014,10,Term10,63525.32,285.86,lapsed,2014.0,1.0
948,25,F,0,2022,10,Term10,151304.46,680.87,inforce,,
949,58,F,0,2022,30,Term30,50000.0,425.0,inforce,,
950,31,M,0,2017,10,Term10,50000.0,247.5,inforce,,
951,23,F,0,2016,10,Term10,53240.62,239.58,inforce,,
952,32,F,0,2021,30,Term30,63960.83,543.67,inforce,,
953,45,F,0,2014,30,Term30,50000.0,425.0,lapsed,2025.0,12.0
954,37,F,0,2019,20,Term20,104523.96,679.41,inforce,,
955,52,M,0,2019,10,Term10,109072.97,539.91,inforce,,
956,45,M,0,2019,20,Term20,99213.09,709.37,lapsed,2024.0,6.0
957,36,M,0,2014,30,Term30,50000.0,467.5,inforce,,
958,46,M,0,2019,30,Term30,77026.63,720.2,inforce,,
959,59,F,0,2018,10,Term10,50000.0,225.0,lapsed,2021.0,4.0
960,36,M,0,2021,10,Term10,59900.61,296.51,inforce,,
961,26,F,1,2013,10,Term10,266220.65,1617.29,inforce,,
962,36,F,0,2018,10,Term10,77452.28,348.54,lapsed,2020.0,3.0
963,54,M,0,2021,20,Term20,50000.0,357.5,lapsed,2021.0,1.0
964,28,M,0,2015,10,Term10,81487.2,403.36,inforce,,
965,58,F,0,2020,10,Term10,50000.0,225.0,lapsed,2023.0,4.0
966,44,F,0,2013,10,Term10,50000.0,225.0,lapsed,2013.0,1.0
967,44,M,1,2019,10,Term10,50000.0,326.25,inforce,,
968,32,M,0,2018,10,Term10,56017.21,277.29,inforce,,
969,57,F,0,2014,10,Term10,128307.04,577.38,inforce,,
970,21,M,0,2012,10,Term10,103470.2,512.18,inforce,,
971,32,F,0,2020,30,Term30,100087.21,850.74,inforce,,
972,37,M,1,2014,10,Term10,50000.0,326.25,inforce,,
973,39,M,0,2017,20,Term20,52849.92,377.88,inforce,,
974,39,M,0,2012,10,Term10,86094.49,426.17,inforce,,
975,26,F,0,2022,10,Term10,50161.75,225.73,inforce,,
976,29,F,0,2018,10,Term10,61881.72,278.47,inforce,,
977,23,M,0,2022,10,Term10,95302.87,471.75,inforce,,
978,43,F,0,2013,10,Term10,59322.05,266.95,lapsed,2017.0,5.0
979,34,M,0,2014,10,Term10,83753.71,414.58,inforce,,
980,43,M,1,2018,20,Term20,190163.04,1792.29,inforce,,
981,44,M,0,2018,10,Term10,65965.34,326.53,inforce,,
982,48,M,0,2020,10,Term10,148390.51,734.53,inforce,,
983,42,F,0,2022,20,Term20,102295.61,664.92,lapsed,2025.0,4.0
984,46,M,0,2021,10,Term10,50000.0,247.5,lapsed,2025.0,5.0
985,44,F,1,2013,10,Term10,50000.0,303.75,inforce,,
986,46,M,0,2015,10,Term10,50000.0,247.5,inforce,,
987,45,F,0,2022,10,Term10,50000.0,225.0,inforce,,
988,32,M,1,2018,10,Term10,69274.08,452.01,inforce,,
989,30,F,0,2021,30,Term30,105745.06,898.83,inforce,,
990,52,M,0,2018,30,Term30,155297.06,1452.03,lapsed,2018.0,1.0
991,34,M,1,2012,30,Term30,87983.54,1084.4,lapsed,2034.0,23.0
992,42,F,0,2017,10,Term10,55971.18,251.87,inforce,,
993,28,F,0,2021,10,Term10,50000.0,225.0,inforce,,
994,37,F,1,2019,10,Term10,76294.32,463.49,inforce,,
995,41,M,1,2013,10,Term10,74269.98,484.61,inforce,,
996,45,F,0,2014,10,Term10,81614.09,367.26,lapsed,2014.0,1.0
997,41,F,0,2021,10,Term10,258782.75,1164.52,inforce,,
998,34,F,0,2022,10,Term10,153946.12,692.76,inforce,,
999,59,M,1,2020,10,Term10,117129.63,764.27,inforce,,
1000,41,F,0,2013,10,Term10,50000.0,225.0,lapsed,2014.0,2.0
